Year,Education_Value,Labour_Value
2010,4.83927631378174,54.171
2011,5.18007898330688,56.169
2013,5.95415067672729,56.219
2014,6.03802108764648,56.093
2015,6.07000017166138,57.693
2016,8.25026321411133,57.965
2017,8.25,58.775
2018,11.1089563369751,58.131
2019,8.02000045776367,58.327
2020,7.68192005157471,54.701
2021,12.960000038147,55.76
2022,11.4343910217285,56.942
2023,12.2000169754028,58.528
